渋谷凛,福原綾香
双葉杏,五十嵐裕美
三村かな子,大坪由佳
高垣楓,早見沙織
城ヶ崎莉嘉,山本希望
神崎蘭子,内田真礼
前川みく,高森奈津美
諸星きらり,松嵜麗
城ヶ崎美嘉,佳村はるか
島村卯月,大橋彩香
小日向美穂,津田美波
多田李衣菜,青木瑠璃子
十時愛梨,原田ひとみ
川島瑞樹,東山奈央
本田未央,原紗友里
日野茜,赤﨑千夏
赤城みりあ,黒沢ともよ
安部菜々,三宅麻理恵
新田美波,洲崎綾
輿水幸子,竹達彩奈
アナスタシア,上坂すみれ
白坂小梅,桜咲千依
緒方智絵里,大空直美
佐久間まゆ,牧野由依
高森藍子,金子有希
星輝子,松田颯水
神谷奈緒,松田恵理子
北条加蓮,渕上舞
小早川紗枝,立花理香
堀裕子,鈴木絵理
姫川友紀,杜野まこ
鷺沢文香,M・A・O
宮本フレデリカ,高野麻美
速水奏,飯田友子
市原仁奈,久野美咲
橘ありす,佐藤亜美菜
佐々木千枝,今井麻夏
上条春菜,長島光那
及川雫,のぐちゆり
片桐早苗,和氣あず未
大和亜季,村中知
水本ゆかり,藤田茜
中野有香,下地紫野
椎名法子,都丸ちよ
大槻唯,山下七海
藤本里奈,金子真由美
塩見周子,ルゥティン
相葉夕美,木村珠莉
一ノ瀬志希,藍原ことみ
向井拓海,原優子
道明寺歌鈴,新田ひより
木村夏樹,安野希世乃
上田鈴帆,春野ななみ
難波笑美,伊達朱里紗
浜口あやめ,田澤茉純
脇山珠美,嘉山未紗
龍崎薫,春瀬なつみ,竜崎薫
櫻井桃華,照井春佳
松永涼,千菅春香
二宮飛鳥,青木志貴
五十嵐響子,種崎敦美
三船美優,原田彩颯
森久保乃々,高橋花林
佐藤心,花守ゆみり
依田芳乃,高田憂希
乙倉悠貴,中島由貴
早坂美玲,朝井彩加
藤原肇,鈴木みのり
喜多見柚,武田羅梨沙多胡
関裕美,会沢紗弥
荒木比奈,田辺留依
村上巴,花井美春
棟方愛海,藤本彩花
結城晴,小市眞琴
鷹富士茄子,森下来奈
喜多日菜子,深川芹亜
南条光,神谷早矢佳
白菊ほたる,天野聡美
黒埼ちとせ,佐倉薫
白雪千夜,関口理咲
久川凪,立花日菜
久川颯,長江里香
夢見りあむ,星希成奏
遊佐こずえ,花谷麻妃
佐城雪美,中澤ミナ
ナターリア,生田輝
的場梨沙,集貝はな
小関麗奈,長野佑紀
砂塚あきら,富田美憂
辻野あかり,梅澤めぐ
桐生つかさ,河瀬茉希
浅利七海,井上ほのか
八神マキノ,二ノ宮ゆい
西園寺琴歌,安齋由香里
望月聖,原涼子
古賀小春,小森結梨
ライラ,市ノ瀬加那
大石泉,大木咲絵子
イヴ・サンタクロース,松永あかね