渋谷凛,福原綾香,しぶやりん  
双葉杏,五十嵐裕美,ふたばあんず  
三村かな子,大坪由佳,みむらかなこ  
高垣楓,早見沙織,たかがきかえで  
城ヶ崎莉嘉,山本希望,じょうがさきりか  
神崎蘭子,内田真礼,かんざきらんこ  
前川みく,高森奈津美,まえかわみく  
諸星きらり,松嵜麗,もろぼしきらり  
城ヶ崎美嘉,佳村はるか,じょうがさきみか  
島村卯月,大橋彩香,しまむらうづき  
小日向美穂,津田美波,こひなたみほ  
多田李衣菜,青木瑠璃子,ただりいな  
十時愛梨,原田ひとみ,とときあいり  
川島瑞樹,東山奈央,かわしまみずき  
本田未央,原紗友里,ほんだみお  
日野茜,赤﨑千夏,ひのあかね  
赤城みりあ,黒沢ともよ,あかぎみりあ  
安部菜々,三宅麻理恵,あべなな  
新田美波,洲崎綾,にったみなみ  
輿水幸子,竹達彩奈,こしみずさちこ  
アナスタシア,上坂すみれ,あなすたしあ  
白坂小梅,桜咲千依,しらさかこうめ  
緒方智絵里,大空直美,おがたちえり  
佐久間まゆ,牧野由依,さくままゆ  
高森藍子,金子有希,たかもりあいこ  
星輝子,松田颯水,ほししょうこ  
神谷奈緒,松田恵理子,かみやなお  
北条加蓮,渕上舞,ほうじょうかれん  
小早川紗枝,立花理香,こばやかわさえ  
堀裕子,鈴木絵理,ほりゆうこ  
姫川友紀,杜野まこ,ひめかわゆき  
鷺沢文香,M・A・O,さぎさわふみか  
宮本フレデリカ,高野麻美,みやもとふれでりか  
速水奏,飯田友子,はやみかなで  
市原仁奈,久野美咲,いちはらにな  
橘ありす,佐藤亜美菜,たちばなありす  
佐々木千枝,今井麻夏,ささきちえ  
上条春菜,長島光那,かみじょうはるな  
及川雫,のぐちゆり,おいかわしずく  
片桐早苗,和氣あず未,かたぎりさなえ  
大和亜季,村中知,やまとあき  
水本ゆかり,藤田茜,みずもとゆかり  
中野有香,下地紫野,なかのゆか  
椎名法子,都丸ちよ,しいなのりこ  
大槻唯,山下七海,おおつきゆい  
藤本里奈,金子真由美,ふじもとりな  
塩見周子,ルゥティン,しおみしゅうこ  
相葉夕美,木村珠莉,あいばゆうみ  
一ノ瀬志希,藍原ことみ,いちのせしき  
向井拓海,原優子,むかいたくみ  
道明寺歌鈴,新田ひより,どうみょうじかりん  
木村夏樹,安野希世乃,きむらなつき  
上田鈴帆,春野ななみ,うえだすずほ  
難波笑美,伊達朱里紗,なんばえみ  
浜口あやめ,田澤茉純,はまぐちあやめ  
脇山珠美,嘉山未紗,わきやまたまみ  
龍崎薫,春瀬なつみ,りゅうざきかおる  
櫻井桃華,照井春佳,さくらいももか  
松永涼,千菅春香,まつながりょう  
二宮飛鳥,青木志貴,にのみやあすか  
五十嵐響子,種崎敦美,いがらしきょうこ  
三船美優,原田彩颯,みふねみゆ  
森久保乃々,高橋花林,もりくぼのの  
佐藤心,花守ゆみり,さとうしん  
依田芳乃,高田憂希,よりたよしの  
乙倉悠貴,中島由貴,おとくらゆうき  
早坂美玲,朝井彩加,はやさかみれい  
藤原肇,鈴木みのり,ふじわらはじめ  
喜多見柚,武田羅梨沙多胡,きたみゆず  
関裕美,会沢紗弥,せきひろみ  
荒木比奈,田辺留依,あらきひな  
村上巴,花井美春,むらかみともえ  
棟方愛海,藤本彩花,むなかたあつみ  
結城晴,小市眞琴,ゆうきはる  
鷹富士茄子,森下来奈,たかふじかこ  
喜多日菜子,深川芹亜,きたひなこ  
南条光,神谷早矢佳,なんじょうひかる  
白菊ほたる,天野聡美,しらぎくほたる  
黒埼ちとせ,佐倉薫,くろさきちとせ  
白雪千夜,関口理咲,しらゆきちよ  
久川凪,立花日菜,ひさかわなぎ  
久川颯,長江里香,ひさかわはやて  
夢見りあむ,星希成奏,ゆめみりあむ  
遊佐こずえ,花谷麻妃,ゆさこずえ  
佐城雪美,中澤ミナ,さじょうゆきみ  
ナターリア,生田輝,なたーりあ  
的場梨沙,集貝はな,まとばりさ  
小関麗奈,長野佑紀,こせきれいな  
砂塚あきら,富田美憂,すなづかあきら  
辻野あかり,梅澤めぐ,つじのあかり  
桐生つかさ,河瀬茉希,きりゅうつかさ  
浅利七海,井上ほのか,あさりななみ  
八神マキノ,二ノ宮ゆい,やがみまきの  
西園寺琴歌,安齋由香里,さいおんじことか  
望月聖,原涼子,もちづきひじり  
古賀小春,小森結梨,こがこはる  
ライラ,市ノ瀬加那,らいら  
大石泉,大木咲絵子,おおいしいずみ  
イヴ・サンタクロース,松永あかね,いゔ・さんたくろーす  